region,unique_experience,local_restaurant,seasonal_festival,travel_tip,best_time,target_traveler
"Tokyo","Tham gia lớp học làm kẹo wagashi tại Yanaka Ginza, một khu phố cổ ít du khách biết đến","Sushi Dai tại khu chợ cá Toyosu - đến sớm (4:30 sáng) để xếp hàng, đặt omakase set","Koenji Awa Odori (cuối tháng 8) - lễ hội múa truyền thống tại khu phố hipster Koenji","Di chuyển bằng tàu JR Yamanote Line - vòng tròn bao quanh Tokyo, dễ dàng đến các điểm chính","Tháng 4 (hoa anh đào) và tháng 11-12 (lá đỏ và đèn mùa đông)","food_lover,culture_enthusiast"
"Kyoto","Trải nghiệm Maiko makeover tại studio Gion - hóa thân thành geisha tập sự với trang phục truyền thống","Nishiki Warai - nhà hàng ẩm thực Kyoto truyền thống tại khu chợ Nishiki, thưởng thức Obanzai (món ăn gia đình Kyoto)","Gion Matsuri (suốt tháng 7) - lễ hội lâu đời nhất Nhật Bản với diễu hành Yamaboko","Mua bus pass 1 ngày (500 yen) để khám phá các đền chùa trên núi phía Đông (Higashiyama)","Tháng 4 (hoa anh đào), tháng 11 (lá đỏ tại Tofukuji và Eikando)","history_buff,traditional,photography"
"Osaka","Tham gia lớp làm takoyaki tại Osaka Cooking Class, học cách chế biến món bánh bạch tuộc nổi tiếng","Harukoma Sushi - quán địa phương đông đúc ở Tenjinbashisuji, giá rẻ, chất lượng cao, không nằm trong sách hướng dẫn du lịch","Tenjin Matsuri (25/7) - lễ hội thủy lục với thuyền rồng và pháo hoa trên sông","Mua Osaka Amazing Pass (2900 yen/ngày) - free vào 35+ điểm tham quan và đi tàu/bus không giới hạn","Tháng 10-11 (thời tiết mát mẻ, ít mưa) và tháng 3-4 (hoa anh đào)","foodie,budget_traveler"
"Hokkaido","Ngắm cánh đồng hoa lavender ở Farm Tomita (Furano) vào tháng 7, thuê xe đạp khám phá các cánh đồng màu sắc","Ramen Kyowakoku (Ramen Alley) ở Susukino, thử món miso ramen đặc trưng Sapporo với bơ và ngô","Yuki Matsuri (đầu tháng 2) - lễ hội tuyết Sapporo với các tác phẩm điêu khắc băng khổng lồ","Thuê xe hơi để khám phá Hokkaido, GPS và biển báo song ngữ phổ biến, đường vắng và dễ lái","Tháng 7-8 (hoa lavender, thời tiết mát), tháng 1-2 (lễ hội tuyết)","nature_lover,road_tripper"
"Okinawa","Lặn với ống thở tại Bãi biển Kabira ở Ishigaki, ngắm san hô và cá nhiệt đới, nước trong như pha lê","Makishi Kōsetsu Ichiba - nhà hàng tầng 2 chợ Makishi ở Naha, mua hải sản tầng 1 và nhờ chế biến tầng 2 với phí nhỏ","Eisa Matsuri (tháng 7-8) - lễ hội múa trống truyền thống, đặc biệt ở làng Motobu","Ứng dụng Churashima Welcome Card - giảm giá cho du khách tại nhiều điểm du lịch Okinawa","Tháng 3-5, 9-10 (tránh mùa mưa và mùa bão), tháng 1 (hoa anh đào Okinawa nở sớm)","beach_lover,diving_enthusiast"
"Fukuoka","Thưởng thức yatai (quầy ẩm thực di động) dọc sông Nakasu vào buổi tối, trải nghiệm văn hóa ẩm thực đường phố","Hakata Issou - quán ẩm thực truyền thống chuyên món motsunabe (lẩu nội tạng) hơn 80 năm tuổi","Hakata Gion Yamakasa (1-15/7) - lễ hội đẩy kiệu gỗ khổng lồ, truyền thống 700 năm","Mua thẻ Fukuoka Tourist City Pass (820 yen) - đi tàu điện ngầm/bus không giới hạn trong 1 ngày","Tháng 10-11 (thời tiết dễ chịu), tránh tháng 6-7 (mùa mưa)","foodie,urban_explorer"
"Hiroshima","Chèo thuyền kayak quanh Torii Gate ở Miyajima vào sáng sớm hoặc chiều muộn, không có đám đông","Okonomimura - tòa nhà 3 tầng chỉ bán okonomiyaki phong cách Hiroshima, thử quán Suigun tầng 3","Hiroshima Kagura (hàng tuần) - biểu diễn múa mặt nạ truyền thống tại Hiroshima Prefectural Art Museum","Wide Hiroshima Pass (3600 yen/ngày) - sử dụng mọi phương tiện trong thành phố và vùng lân cận","Tháng 4 (hoa anh đào ở Công viên Hòa Bình), tháng 11 (lá đỏ ở Miyajima)","history_buff,peace_seeker"
"Kanazawa","Tham gia buổi biểu diễn trà đạo tại vườn Gyokusen-en, trải nghiệm nghi thức chế trà cổ điển","Omicho Market - chợ 280 tuổi, ăn kaisen-don (cơm hải sản tươi) tại Omicho Shokudo giữa chợ","Hyakumangoku Matsuri (tháng 6) - tái hiện lại buổi diễu hành của lãnh chúa vào thế kỷ 16","Thuê xe đạp từ ga Kanazawa (300 yen/ngày) - cách tốt nhất để thăm vườn Kenrokuen, khu phố samurai và khu geisha","Tháng 4-5, 9-11 (thời tiết đẹp), tháng 1-2 (tuyết phủ đẹp tại vườn Kenrokuen)","culture_enthusiast,history_lover"
"Nara","Đi bộ đường mòn Yamanobe-no-michi - con đường cổ nhất Nhật Bản qua làng mạc và đền cổ","Nakatanidou - cửa hàng mochi được đóng búa thủ công, xem nghệ nhân biểu diễn mochitsuki (đóng búa mochi)","Shuni-e (Omizutori) - nghi lễ phật giáo cổ đại tại Todai-ji (1-14/3) với nghi thức lửa ấn tượng","Thay vì cho nai ăn tại công viên Nara đông đúc, đến Kasuga-taisha vào buổi sáng sớm để gặp nai trong khung cảnh yên bình","Tháng 3-5, 9-11 (thời tiết lý tưởng), tránh Golden Week và Obon","heritage_seeker,spiritual_traveler"
"Nagano","Thăm công viên khỉ tuyết Jigokudani, xem khỉ tuyết Nhật Bản tắm onsen tự nhiên","Fujiki - nhà hàng soba truyền thống, chuyên mì kiều mạch thủ công, nước dùng từ nấm và rau núi","Nozawa Fire Festival (15/1) - lễ hội lửa 150 năm tuổi, người đàn ông 42 tuổi bảo vệ cột gỗ khỏi đám đông","JR Pass East Nagano - tiết kiệm khi thăm các khu trượt tuyết và onsen từ Tokyo","Tháng 12-3 (mùa trượt tuyết), tháng 4-5 (hoa anh đào), tháng 8-9 (trekking núi)","snow_lover,onsen_seeker"
"Shikoku","Đi bộ một phần của Henro - 88 đền chùa hành hương, tuyến Ryozenji đến Anrakuji (10 đền đầu tiên)","Honoka - nhà hàng địa phương ở Takamatsu chuyên udon Sanuki, mì được làm tươi mỗi ngày, xếp hàng từ sớm","Awa Odori (12-15/8) - lễ hội múa truyền thống lớn nhất Nhật Bản tại Tokushima","Shikoku Free WiFi - mạng wifi miễn phí cho du khách trên toàn đảo, tải app trước khi đến","Tháng 3-5, 10-11 (khí hậu ôn hòa, rất thích hợp để đi bộ hành hương)","spiritual_seeker,slow_traveler"